Workbook

Sheet Control T01-P1
A1: Atlas 2.0 · T01-P1 · control del piloto técnico
A2: Dieciocho entradas y dieciocho valores distintos de tr. Este cuaderno calibra el método; no modifica el corpus público ni el plan maestro.
A4: Indicador | B4: Valor | D4: Puertas de cierre del piloto
A5: Entradas seleccionadas | B5: =COUNTA('Dictamen entradas'!$B$5:$B$22) -> 18 | D5: 1. Los dieciocho valores de tr permanecen literales y visibles.
A6: Valores distintos de tr | B6: =COUNTA('Dictamen entradas'!$F$5:$F$22) -> 18 | D6: 2. Las detecciones mecánicas orientan; nunca se copian como dictamen final.
A7: Casos simples | B7: =COUNTIF('Dictamen entradas'!$G$5:$G$22,"Caso simple") -> 6 | D7: 3. Toda lengua final identifica la edición o versión efectivamente catalogada.
A8: Trayectorias o lenguas múltiples | B8: =COUNTIF('Dictamen entradas'!$G$5:$G$22,"Trayectoria o lengua múltiple") -> 6 | D8: 4. Toda orilla declara función: producción, edición, circulación o archivo.
A9: Casos comparados | B9: =COUNTIF('Dictamen entradas'!$G$5:$G$22,"Comparado") -> 6 | D9: 5. Territorio estudiado y alcance comparativo se prueban con la obra o una fuente fiable.
A10: Revisiones pendientes | B10: =COUNTIF('Dictamen entradas'!$P$5:$P$22,"pendiente_revision") -> 18 | D10: 6. “Revisada” exige fuente, fundamento, responsable y fecha.
A11: Fuentes registradas | B11: =COUNTIF(Fuentes!$G$5:$G$22,"verificada") -> 0 | D11: 7. QA=pasa y aprobación=aprobada preceden a listo=SI.
A12: Listas para generar | B12: =COUNTIF('Dictamen entradas'!$U$5:$U$22,"SI") -> 0
A13: Errores de QA | B13: =COUNTIF('Dictamen entradas'!$S$5:$S$22,"falla") -> 0 | D13: Decisión operativa: el resultado aprobado de T01-P1 servirá para ajustar el protocolo antes de abrir otros grupos. No autoriza una normalización masiva.

Sheet Protocolo
A1: T01-P1 · protocolo de revisión humana
A2: Secuencia mínima para desagregar tr sin convertir procedencias, territorios, métodos o escalas en atributos lingüísticos.
A4: Paso | B4: Pregunta | C4: Acción | D4: Evidencia mínima | E4: Prohibición | F4: Resultado
A5: 1 | B5: ¿Qué edición o versión está catalogada? | C5: Identificar idioma del objeto bibliográfico concreto. | D5: Portada, ficha editorial, catálogo bibliográfico o texto completo. | E5: Inferir idioma por nacionalidad del autor o por el territorio. | F5: lengua_publicacion
A6: 2 | B6: ¿Dónde se produjo, editó, circuló o archivó? | C6: Registrar cada orilla con una función explícita. | D6: Créditos editoriales, archivo, itinerario documentado o historia editorial. | E6: Copiar todos los topónimos del paréntesis como orillas. | F6: orilla_produccion
A7: 3 | B7: ¿Qué lugar o conjunto de lugares estudia la obra? | C7: Registrar únicamente territorios efectivamente analizados. | D7: Índice, introducción, resumen académico fiable o lectura del texto. | E7: Derivar territorio por el origen del autor o la editorial. | F7: territorio_estudiado
A8: 4 | B8: ¿La comparación es escala, método, corpus o trayectoria? | C8: Nombrar el alcance con precisión y conservar la ambigüedad si persiste. | D8: Planteamiento metodológico, introducción o descripción editorial. | E8: Usar “comparado” como sustituto de lengua o geografía. | F8: alcance_comparativo
A9: 5 | B9: ¿La decisión puede auditarse? | C9: Registrar referencia, página o localización y fundamento breve. | D9: Fuente identificable y vínculo entre evidencia y decisión. | E9: Aprobar por título, intuición o similitud con otra entrada. | F9: fundamento_o_fuente
A10: 6 | B10: ¿Pasa las puertas de cierre? | C10: Completar responsable, fecha, QA y aprobación académica. | D10: Campos completos y coherentes; sin contradicción con tr original. | E10: Marcar listo antes de QA y aprobación. | F10: listo_para_generar

Sheet Dictamen entradas
A1: T01-P1 · dictamen de dieciocho entradas
A2: Campos H–J son ayudas mecánicas y editoriales. Las decisiones humanas se escriben en K–T; U se calcula automáticamente.
A4: Orden | B4: id | C4: Título | D4: Autoría | E4: Lote intelectual | F4: tr original | G4: Familia de caso | H4: Lengua detectada · propuesta | I4: Fragmento parentético | J4: Riesgo / pregunta de revisión | K4: lengua_publicacion | L4: orilla_produccion | M4: territorio_estudiado | N4: alcance_comparativo | O4: fundamento_o_fuente | P4: estado_revision | Q4: responsable | R4: fecha_revision | S4: QA técnico | T4: aprobación académica | U4: listo_para_generar | V4: observaciones
A5: 1 | B5: mintz | C5: Caribbean Transformations / Sweetness and Power | D5: Sidney W. Mintz | E5: P00 | F5: anglófono (EE.UU.) | G5: Caso simple | H5: inglés | I5: EE.UU. | J5: Una lengua declarada y un topónimo; obliga a no confundir sede, edición y orilla. abreviaturas por normalizar; función territorial no demostrada | P5: pendiente_revision | S5: pendiente | T5: pendiente | U5: =IF(AND(P5="revisada",O5<>"",Q5<>"",R5<>"",S5="pasa",T5="aprobada"),"SI","NO") -> NO
A6: 2 | B6: trouillot | C6: The Caribbean Region: An Open Frontier | D6: Michel-Rolph Trouillot | E6: C04 | F6: francófono (Haití) | G6: Caso simple | H6: francés | I6: Haití | J6: La lengua declarada no demuestra por sí sola la lengua de la edición catalogada. función territorial no demostrada | P6: pendiente_revision | S6: pendiente | T6: pendiente | U6: =IF(AND(P6="revisada",O6<>"",Q6<>"",R6<>"",S6="pasa",T6="aprobada"),"SI","NO") -> NO
A7: 3 | B7: totumo | C7: Los acuerdos y la idealización del palenque en la provincia de Cartagena: el caso del Totumo (1714-1767) | D7: Dolcey Romero Jaramillo | E7: P00 | F7: hispano (Colombia) | G7: Caso simple | H7: español | I7: Colombia | J7: Permite distinguir lengua de publicación, territorio estudiado y lugar del autor. función territorial no demostrada | P7: pendiente_revision | S7: pendiente | T7: pendiente | U7: =IF(AND(P7="revisada",O7<>"",Q7<>"",R7<>"",S7="pasa",T7="aprobada"),"SI","NO") -> NO
A8: 4 | B8: glissant | C8: Poétique de la Relation / Le discours antillais | D8: Édouard Glissant | E8: S01 | F8: francófono (Martinica) | G8: Caso simple | H8: francés | I8: Martinica | J8: Ensaya una obra compuesta con dos títulos y una adscripción territorial. función territorial no demostrada | P8: pendiente_revision | S8: pendiente | T8: pendiente | U8: =IF(AND(P8="revisada",O8<>"",Q8<>"",R8<>"",S8="pasa",T8="aprobada"),"SI","NO") -> NO
A9: 5 | B9: brathwaite | C9: Nation Language / Tidalectics | D9: Kamau Brathwaite | E9: S01 | F9: anglófono (Barbados) | G9: Caso simple | H9: inglés | I9: Barbados | J9: Permite separar lengua-nación como concepto de lengua editorial. función territorial no demostrada | P9: pendiente_revision | S9: pendiente | T9: pendiente | U9: =IF(AND(P9="revisada",O9<>"",Q9<>"",R9<>"",S9="pasa",T9="aprobada"),"SI","NO") -> NO
A10: 6 | B10: allen_dikimanera | C10: Di ki manera? A Social History of Afro-Curaçaoans, 1863-1917 | D10: Rose Mary Allen | E10: B03 | F10: neerlandófono (Curazao) | G10: Caso simple | H10: neerlandés | I10: Curazao | J10: Prueba la normalización neerlandófono/neerlandés sin borrar Curazao. función territorial no demostrada | P10: pendiente_revision | S10: pendiente | T10: pendiente | U10: =IF(AND(P10="revisada",O10<>"",Q10<>"",R10<>"",S10="pasa",T10="aprobada"),"SI","NO") -> NO
A11: 7 | B11: price | C11: Maroon Societies | D11: Richard Price (ed.) | E11: P00 | F11: anglófono (EE.UU./Surinam) | G11: Trayectoria o lengua múltiple | H11: inglés | I11: EE.UU./Surinam | J11: Dos topónimos con función indeterminada; requiere fuente antes de asignar orillas. varias procedencias o territorios; abreviaturas por normalizar; función territorial no demostrada | P11: pendiente_revision | S11: pendiente | T11: pendiente | U11: =IF(AND(P11="revisada",O11<>"",Q11<>"",R11<>"",S11="pasa",T11="aprobada"),"SI","NO") -> NO
A12: 8 | B12: bonilla | C12: Non-Sovereign Futures | D12: Yarimar Bonilla | E12: C02 | F12: francófono/anglófono (Guadalupe–PR) | G12: Trayectoria o lengua múltiple | H12: inglés | francés | I12: Guadalupe–PR | J12: Dos lenguas y dos territorios abreviados; ninguna correspondencia es automática. múltiples lenguas; abreviaturas por normalizar; función territorial no demostrada | P12: pendiente_revision | S12: pendiente | T12: pendiente | U12: =IF(AND(P12="revisada",O12<>"",Q12<>"",R12<>"",S12="pasa",T12="aprobada"),"SI","NO") -> NO
A13: 9 | B13: olwigstjohn | C13: Cultural Adaptation and Resistance on St. John | D13: Karen Fog Olwig | E13: B02 | F13: anglófono (hoy EE.UU., antes colonia danesa) | G13: Trayectoria o lengua múltiple | H13: inglés | danés | I13: hoy EE.UU., antes colonia danesa | J13: Combina presente político e historia colonial en un mismo paréntesis. múltiples lenguas; mezcla temporalidad colonial; abreviaturas por normalizar; función territorial no demostrada | P13: pendiente_revision | S13: pendiente | T13: pendiente | U13: =IF(AND(P13="revisada",O13<>"",Q13<>"",R13<>"",S13="pasa",T13="aprobada"),"SI","NO") -> NO
A14: 10 | B14: mamalola | C14: Mama Lola: A Vodou Priestess in Brooklyn | D14: Karen McCarthy Brown | E14: B05 | F14: anglófono (EE.UU., diáspora en Brooklyn) | G14: Trayectoria o lengua múltiple | H14: inglés | I14: EE.UU., diáspora en Brooklyn | J14: La diáspora aparece explícita, pero debe separarse del territorio estudiado. mezcla trayectoria diaspórica; abreviaturas por normalizar; función territorial no demostrada | P14: pendiente_revision | S14: pendiente | T14: pendiente | U14: =IF(AND(P14="revisada",O14<>"",Q14<>"",R14<>"",S14="pasa",T14="aprobada"),"SI","NO") -> NO
A15: 11 | B15: klein_battleparadise | C15: The Battle for Paradise: Puerto Rico Takes on the Disaster Capitalists | D15: Naomi Klein | E15: A02 | F15: anglófono (Canadá) / hispanófono (Puerto Rico) | G15: Trayectoria o lengua múltiple | H15: inglés | español | I15: Canadá | Puerto Rico | J15: Distingue procedencia autoral, lengua editorial y territorio del caso. múltiples lenguas; función territorial no demostrada | P15: pendiente_revision | S15: pendiente | T15: pendiente | U15: =IF(AND(P15="revisada",O15<>"",Q15<>"",R15<>"",S15="pasa",T15="aprobada"),"SI","NO") -> NO
A16: 12 | B16: zips_nannysasafo | C16: Nanny's Asafo Warriors: The Jamaican Maroons' African Experience | D16: Werner Zips | E16: B02 | F16: anglófono (Jamaica) / alemán (Austria) | G16: Trayectoria o lengua múltiple | H16: inglés | otro: alemán | I16: Jamaica | Austria | J16: Dos lenguas y dos lugares exigen identificar edición concreta. múltiples lenguas; función territorial no demostrada | P16: pendiente_revision | S16: pendiente | T16: pendiente | U16: =IF(AND(P16="revisada",O16<>"",Q16<>"",R16<>"",S16="pasa",T16="aprobada"),"SI","NO") -> NO
A17: 13 | B17: monahan | C17: Creolizing Practices of Freedom: Recognition and Dissonance / The Creolizing Subject: Race, Reason, and the Politics of Purity | D17: Michael Monahan | E17: S01 | F17: comparado (filosofía afrocaribe) | G17: Comparado | I17: filosofía afrocaribe | J17: El paréntesis nombra un campo filosófico, no una lengua ni una geografía. sin lengua explícita; mezcla escala comparativa; mezcla tema, método o escala; función territorial no demostrada | P17: pendiente_revision | S17: pendiente | T17: pendiente | U17: =IF(AND(P17="revisada",O17<>"",Q17<>"",R17<>"",S17="pasa",T17="aprobada"),"SI","NO") -> NO
A18: 14 | B18: araujo | C18: Reparations for Slavery and the Slave Trade: A Transnational and Comparative History | D18: Ana Lucia Araujo | E18: A03 | F18: comparado (transnacional) | G18: Comparado | I18: transnacional | J18: Transnacional expresa escala; la lengua debe verificarse por separado. sin lengua explícita; mezcla escala comparativa; mezcla tema, método o escala; función territorial no demostrada | P18: pendiente_revision | S18: pendiente | T18: pendiente | U18: =IF(AND(P18="revisada",O18<>"",Q18<>"",R18<>"",S18="pasa",T18="aprobada"),"SI","NO") -> NO
A19: 15 | B19: kingisland | C19: Island Bodies: Transgressive Sexualities in the Caribbean Imagination | D19: Rosamond S. King | E19: B01 | F19: comparado (anglófono/francófono/hispano/neerlandés) | G19: Comparado | H19: inglés | francés | español | neerlandés | I19: anglófono/francófono/hispano/neerlandés | J19: Cuatro tradiciones lingüísticas del corpus estudiado no equivalen a lengua de publicación. múltiples lenguas; mezcla escala comparativa; varias procedencias o territorios; función territorial no demostrada | P19: pendiente_revision | S19: pendiente | T19: pendiente | U19: =IF(AND(P19="revisada",O19<>"",Q19<>"",R19<>"",S19="pasa",T19="aprobada"),"SI","NO") -> NO
A20: 16 | B20: quinnblackpower | C20: Black Power in the Caribbean | D20: Kate Quinn (ed.) | E20: B03 | F20: comparado (anglófono Caribe) | G20: Comparado | H20: inglés | I20: anglófono Caribe | J20: Anglófono Caribe puede describir alcance del volumen y no edición o autoría. mezcla escala comparativa; función territorial no demostrada | P20: pendiente_revision | S20: pendiente | T20: pendiente | U20: =IF(AND(P20="revisada",O20<>"",Q20<>"",R20<>"",S20="pasa",T20="aprobada"),"SI","NO") -> NO
A21: 17 | B21: archipelagicthinking | C21: Contemporary Archipelagic Thinking: Towards New Comparative Methodologies and Disciplinary Formations | D21: Michelle Stephens y Yolanda Martínez-San Miguel (eds.) | E21: C03 | F21: comparado (métodos comparados) | G21: Comparado | I21: métodos comparados | J21: Métodos comparados es una orientación metodológica, no un dato lingüístico. sin lengua explícita; mezcla escala comparativa; mezcla tema, método o escala; función territorial no demostrada | P21: pendiente_revision | S21: pendiente | T21: pendiente | U21: =IF(AND(P21="revisada",O21<>"",Q21<>"",R21<>"",S21="pasa",T21="aprobada"),"SI","NO") -> NO
A22: 18 | B22: fischer | C22: Modernity Disavowed: Haiti and the Cultures of Slavery in the Age of Revolution | D22: Sibylle Fischer | E22: C04 | F22: comparado | G22: Comparado | J22: Comparado sin especificación impide derivar lengua, orilla o territorio. sin lengua explícita; mezcla escala comparativa | P22: pendiente_revision | S22: pendiente | T22: pendiente | U22: =IF(AND(P22="revisada",O22<>"",Q22<>"",R22<>"",S22="pasa",T22="aprobada"),"SI","NO") -> NO

Sheet Fuentes
A1: T01-P1 · registro de fuentes
A2: Una fila por entrada para el primer fundamento. Añadir filas cuando una decisión requiera más de una fuente.
A4: id | B4: Título abreviado | C4: Fuente / referencia / URL | D4: Tipo | E4: Qué sustenta | F4: Página o localización | G4: Estado | H4: Nota de verificación
A5: mintz | B5: Caribbean Transformations / Sweetness and Power | G5: pendiente
A6: trouillot | B6: The Caribbean Region: An Open Frontier | G6: pendiente
A7: totumo | B7: Los acuerdos y la idealización del palenque en la provincia de Cartagena: el caso del Totumo (1714-1767) | G7: pendiente
A8: glissant | B8: Poétique de la Relation / Le discours antillais | G8: pendiente
A9: brathwaite | B9: Nation Language / Tidalectics | G9: pendiente
A10: allen_dikimanera | B10: Di ki manera? A Social History of Afro-Curaçaoans, 1863-1917 | G10: pendiente
A11: price | B11: Maroon Societies | G11: pendiente
A12: bonilla | B12: Non-Sovereign Futures | G12: pendiente
A13: olwigstjohn | B13: Cultural Adaptation and Resistance on St. John | G13: pendiente
A14: mamalola | B14: Mama Lola: A Vodou Priestess in Brooklyn | G14: pendiente
A15: klein_battleparadise | B15: The Battle for Paradise: Puerto Rico Takes on the Disaster Capitalists | G15: pendiente
A16: zips_nannysasafo | B16: Nanny's Asafo Warriors: The Jamaican Maroons' African Experience | G16: pendiente
... A22: fischer | B22: Modernity Disavowed: Haiti and the Cultures of Slavery in the Age of Revolution | G22: pendiente
